<x:xmpmeta tsc:version="2.0.1" xmlns:x="adobe:ns:meta/" xmlns:tsc="http://www.techsmith.com/xmp/tsc/">
   <rdf:RDF xmlns:rdf="http://www.w3.org/1999/02/22-rdf-syntax-ns#" xmlns:xmp="http://ns.adobe.com/xap/1.0/" xmlns:xmpDM="http://ns.adobe.com/xmp/1.0/DynamicMedia/" xmlns:xmpG="http://ns.adobe.com/xap/1.0/g/" xmlns:xmpMM="http://ns.adobe.com/xap/1.0/mm/" xmlns:tscDM="http://www.techsmith.com/xmp/tscDM/" xmlns:tscIQ="http://www.techsmith.com/xmp/tscIQ/" xmlns:tscHS="http://www.techsmith.com/xmp/tscHS/" xmlns:stDim="http://ns.adobe.com/xap/1.0/sType/Dimensions#" xmlns:stFnt="http://ns.adobe.com/xap/1.0/sType/Font#" xmlns:exif="http://ns.adobe.com/exif/1.0" xmlns:dc="http://purl.org/dc/elements/1.1/">
      <rdf:Description dc:date="2022-06-24 02:22:19 " dc:source="Camtasia,19.0.7,enu" dc:title="HumanizacaoEducacao" dc:description="Produzido por Daniele Sucena

facebook: @head - Humanização_EaD

" tscDM:firstFrame="HumanizacaoEducacao_First_Frame.png" tscDM:originId="3EFDD158-5EC2-4923-9DD1-1BA1A3849077" tscDM:project="HumanizacaoEducacao">
         <xmpDM:duration xmpDM:scale="1/1000" xmpDM:value="154300"/>
         <xmpDM:videoFrameSize stDim:unit="pixel" stDim:h="1080" stDim:w="1920"/>
         <tsc:langName>
            <rdf:Bag>
               <rdf:li xml:lang="en-US">English</rdf:li></rdf:Bag>
         </tsc:langName>
         <xmpDM:Tracks>
            <rdf:Bag>
               <rdf:li>
                  <rdf:Description xmpDM:trackType="Quiz" xmpDM:frameRate="f1000" xmpDM:trackName="Quiz" tscIQ:quizGuid="6C181241-67A2-44E3-AFF4-20FE5E82A0AB" tscIQ:authoredEmail="IWvvlPPwHMyjlH8vMLBUGuFP+ay0cYQlGGiRVTlNkcXH9CSMQ/PiMD4QGNfXR6yyQcN+2iEA2bn2
O1z/Rcp3pyzZzajEpKsF9egCcw+t+1zHizg6p7UmZy953LZuR60WVGlxgOivlxL06bOeEnU0LAhL
Kx1WU6pFDSnIUrJGzJsAd8pwqjcHkjE1+MIvp2MfeZlT36gr1OdnGHChXnv1u1F0Z8dG1SBXGQIx
mYKh/GUk9trcU1u9YfLNeTkfrPGIRVoKbRDCotDWMMZ09MuMLHf41H2lK3AyPaPe0UfOm8sGbg8C
TLdL2M/39Se3I3FkTn41DteV9pIZQoTcq7mvDA==" tscIQ:requireUserId="1" tscIQ:locale="en-US" tscIQ:reportMethod="APIANDSCORM" tscIQ:allowSkipQuiz="0" tscIQ:clientId="E7885279-24D1-4E90-AF2A-EF9A7A4E075B" tscIQ:hideReplay="0" tscIQ:quizHash="72fd4541eff19eb134e16a25da40226d">
                     <xmpDM:markers>
                        <rdf:Seq>
                           <rdf:li><rdf:Description xmpDM:startTime="135067" tscIQ:feedback="1" tscIQ:questionSetName="Quiz 3"><tscIQ:questions><rdf:Seq><rdf:li><rdf:Description tscIQ:type="MC" tscIQ:id="0"><tscIQ:question>Você, aluno ou professor, está ciente sobre o que é humanização EAD e quer contribuir para essa comunidade que cresce a cada dia?</tscIQ:question><tscIQ:correctAnswer>1</tscIQ:correctAnswer><tscIQ:answerArray><rdf:Seq><rdf:li><rdf:Description tscIQ:orderId="0"><tscIQ:answer>True</tscIQ:answer></rdf:Description></rdf:li><rdf:li><rdf:Description tscIQ:orderId="1"><tscIQ:answer>False</tscIQ:answer></rdf:Description></rdf:li></rdf:Seq></tscIQ:answerArray><tscIQ:feedback><rdf:Bag><rdf:li><rdf:Description tscIQ:reason="correct" tscIQ:location="https://www.facebook.com/Humaniza%C3%A7%C3%A3o_EAD-101197515985912"><xmpDM:name><rdf:Alt><rdf:li>Obrigada e siga nossa página no Facebook  para nos dar um retorno sobre a qualidade do curso EAD.</rdf:li></rdf:Alt></xmpDM:name></rdf:Description></rdf:li><rdf:li><rdf:Description tscIQ:reason="incorrect" tscIQ:jumpToTime="150000"><xmpDM:name><rdf:Alt><rdf:li>Obrigado por chegar até aqui!</rdf:li></rdf:Alt></xmpDM:name></rdf:Description></rdf:li></rdf:Bag></tscIQ:feedback></rdf:Description></rdf:li></rdf:Seq></tscIQ:questions></rdf:Description></rdf:li></rdf:Seq>
                     </xmpDM:markers>
                     <tscIQ:QuizParams><rdf:Bag><rdf:li xmpDM:name="txtPrev" xmpDM:value="Previous"/><rdf:li xmpDM:name="txtNext" xmpDM:value="Next"/><rdf:li xmpDM:name="txtAnswerQuestion" xmpDM:value="Take Quiz Now"/><rdf:li xmpDM:name="txtSubmit" xmpDM:value="Submit Answers"/><rdf:li xmpDM:name="txtReview" xmpDM:value="Replay Last Section"/><rdf:li xmpDM:name="txtReviewAnswer" xmpDM:value="View Answers"/><rdf:li xmpDM:name="txtContinue" xmpDM:value="Continue"/></rdf:Bag></tscIQ:QuizParams></rdf:Description>
               </rdf:li>
            </rdf:Bag>
         </xmpDM:Tracks>
         <tscDM:controller>
            <rdf:Description xmpDM:name="tscplayer">
               <tscDM:parameters>
                  <rdf:Bag>
                     <rdf:li xmpDM:name="autohide" xmpDM:value="true"/><rdf:li xmpDM:name="autoplay" xmpDM:value="false"/><rdf:li xmpDM:name="loop" xmpDM:value="false"/><rdf:li xmpDM:name="searchable" xmpDM:value="false"/><rdf:li xmpDM:name="captionsenabled" xmpDM:value="false"/><rdf:li xmpDM:name="sidebarenabled" xmpDM:value="false"/><rdf:li xmpDM:name="unicodeenabled" xmpDM:value="false"/><rdf:li xmpDM:name="backgroundcolor" xmpDM:value="000000"/><rdf:li xmpDM:name="sidebarlocation" xmpDM:value="left"/><rdf:li xmpDM:name="endaction" xmpDM:value="stop"/><rdf:li xmpDM:name="endactionparam" xmpDM:value="true"/><rdf:li xmpDM:name="locale" xmpDM:value="en-US"/></rdf:Bag>
               </tscDM:parameters>
               <tscDM:controllerText>
                  <rdf:Bag>
                  </rdf:Bag>
               </tscDM:controllerText>
            </rdf:Description>
         </tscDM:controller>
         <tscDM:contentList>
            <rdf:Description>
               <tscDM:files>
                  <rdf:Seq>
                     <rdf:li xmpDM:name="0" xmpDM:value="HumanizacaoEducacao.mp4"/><rdf:li xmpDM:name="1" xmpDM:value="HumanizacaoEducacao.zip"/><rdf:li xmpDM:name="2" xmpDM:value="HumanizacaoEducacao_First_Frame.png"/></rdf:Seq>
               </tscDM:files>
            </rdf:Description>
         </tscDM:contentList>
      </rdf:Description>
   </rdf:RDF>
</x:xmpmeta>